{"loss": [1.421194076538086, 0.4680100381374359, 0.27828729152679443, 0.19183725118637085, 0.14144690334796906, 0.1111903190612793, 0.09090622514486313, 0.07457911968231201, 0.06342647224664688, 0.05824825167655945], "accuracy": [0.5819617509841919, 0.8511700630187988, 0.9093534350395203, 0.9366811513900757, 0.9527989029884338, 0.9634966850280762, 0.9694857597351074, 0.9758873581886292, 0.9789743423461914, 0.9812646508216858], "val_loss": [0.5115495324134827, 0.3597193956375122, 0.23704464733600616, 0.19222426414489746, 0.13699668645858765, 0.16476808488368988, 0.10324408859014511, 0.15682198107242584, 0.1376921683549881, 0.15389151871204376], "val_accuracy": [0.8392897844314575, 0.8843615055084229, 0.9249942898750305, 0.9376280307769775, 0.9573753476142883, 0.9480423331260681, 0.9692692756652832, 0.9531072378158569, 0.958172082901001, 0.9567493796348572]}